{"filesMd5":[{"page":"/mediator/index.js","md5":"e98c4508911577e01cb52d3e8a18c47e"},{"page":"/config/index.js","md5":"9cd5f4f6d2a1441befb28c17f92add7b"},{"page":"/pages/forum/favorite.js","md5":"4ba83099a5fd7dc9bf2650a6f0e09f12"},{"page":"/pages/forum/index.js","md5":"eb54a61ad60a77c33216dfc4ae0b1b1a"},{"page":"/pages/forum/list.js","md5":"faa31dca6677c808ce5d80e794b913b5"},{"page":"/pages/forum/reply.js","md5":"660f8a11a082d11c07fcfd7cdf5f1dcf"},{"page":"/pages/forum/thread.js","md5":"f7234093f2fdd41735e8338eee8c2c2f"},{"page":"/pages/forum/timeline.js","md5":"47b72cc6b7c101c1a0c2f61f73c8cd23"},{"page":"/pages/personal/about/opensource.js","md5":"b8f3fc1ffdb43516a133f23ac5239cac"},{"page":"/pages/personal/about/thank.js","md5":"a5b530be55e11e5cae2d3cb274cd5ee7"},{"page":"/pages/personal/about.js","md5":"a91d7d83042c6cb9afff572d3bb1a44f"},{"page":"/pages/personal/cookie.js","md5":"afded6f6ae2aafd756c176d56dce23c4"},{"page":"/pages/personal/drafts.js","md5":"bfd5ee935a400bb2ca35b8c3865f325f"},{"page":"/pages/personal/favorite/folder.js","md5":"7d5783730304fdfd18a9acf23e2e9a62"},{"page":"/pages/personal/favorite/list.js","md5":"aa95a31c2255abe5d6d586b284d9b49e"},{"page":"/pages/personal/history.js","md5":"f11b10884a9b415f1a72ce317bce3fb7"},{"page":"/pages/personal/index.js","md5":"76d927c248d678baf64721b5902ef335"},{"page":"/pages/personal/setting.js","md5":"f997ddc69c0d65270e917b0e4291e25a"},{"page":"/iconfont/font_1469606063_76593.ttf","md5":"f6222bcfedff4a817bb50df7a049d1db"},{"page":"/iconfont/font_1469606522_9417143.woff","md5":"6cf5490fd14ff83350ff952bb5b8e484"},{"page":"/iconfont/font_adao_1.woff","md5":"a28c64f2993a34b61c26e096b3b562b2"},{"page":"/iconfont/font_zn5b3jswpofuhaor.ttf","md5":"c0356b22e8235d2b0be8880cc81894cc"},{"page":"/iconfont/iconfont-eros.ttf","md5":"68780fad0047dc5b02cb613ebb08cda1"},{"page":"/iconfont/iconfont.ttf","md5":"ec86bfe5bdb872bad2b2af4f11da14f4"},{"page":"/assets/CMBSecurityPlugin.dmg","md5":"2d16e6e436e96473924ee2eeb2576445"},{"page":"/assets/about@2x.png","md5":"80c1ca89e50f7ff87866893a02fbd15f"},{"page":"/assets/check@2x.png","md5":"cbac805873f759f6817219d57f8b7cfa"},{"page":"/assets/cookie@2x.png","md5":"43b50eaccf182e940703fdda0474fac9"},{"page":"/assets/demo.jpg","md5":"332c4e7d5398207c1b49750369a72848"},{"page":"/assets/drafts@2x.png","md5":"ac3a96aa96ce7bfd9f0472006d6f7c14"},{"page":"/assets/edit@2x.png","md5":"c93ce5d0f6f60ef71a73e4924114b352"},{"page":"/assets/ellipsis@2x.png","md5":"45eb204229a6dd3f582c70386b109d07"},{"page":"/assets/favorite@2x.png","md5":"8cac23bf421004996c9b59fb2725c2a8"},{"page":"/assets/history@2x.png","md5":"3b72257b8f10a3108533087faa898c7e"},{"page":"/assets/plus@2x.png","md5":"bf6a47b14b339ef521891f52c5a5e7ec"},{"page":"/assets/setting@2x.png","md5":"87bcf10f1293f201f36aeadf26776a4b"},{"page":"/assets/tabbar/forum-list-active@2x.png","md5":"a7c8eb183a33601765b0133406b09c65"},{"page":"/assets/tabbar/forum-list@2x.png","md5":"c2607184e241999da28a50ff06473602"},{"page":"/assets/tabbar/personal-active@2x.png","md5":"35f3d5cc9c4781390542f5adde620234"},{"page":"/assets/tabbar/personal@2x.png","md5":"fc99835fd3aeb67e278816dddfa9e42f"},{"page":"/assets/tabbar/timeline-active@2x.png","md5":"2b92074b0c00c60705c22b49a31f9602"},{"page":"/assets/tabbar/timeline@2x.png","md5":"28835886a6db3ee6784c3be453435ef3"}],"android":"1.0.0","iOS":"1.0.0","appName":"eros-adao","jsVersion":"81e23dfca6ec602b364152532ca2859f","timestamp":1530337201929,"jsPath":"http://123.206.199.206:27011/static/"}
