{"filesMd5":[{"page":"/mediator/index.js","md5":"e695fc383efe15aa52e6ac0e7b531515"},{"page":"/config/index.js","md5":"86de4d6c312a7967bc1c52a3fc91d3e2"},{"page":"/pages/forum/favorite.js","md5":"41a828db0c885ae5950a6c652c113ff9"},{"page":"/pages/forum/index.js","md5":"0ca73413e8297ac4e21dad7c254ca3a3"},{"page":"/pages/forum/list.js","md5":"38dd69e1c93539c97f0ea3400f064fef"},{"page":"/pages/forum/reply.js","md5":"ff210d7938f958b6a97bcf7e537389a5"},{"page":"/pages/forum/thread.js","md5":"118fa17cabb5c3387736a760c08e0c14"},{"page":"/pages/forum/timeline.js","md5":"b3d4722153adb1a46b69de109672975a"},{"page":"/pages/personal/about/opensource.js","md5":"95ab9ba09f9c49387681fc4c3b6c50a8"},{"page":"/pages/personal/about/thank.js","md5":"f604d4e4d4b0464b8f0ce77a4b142aa2"},{"page":"/pages/personal/about.js","md5":"f5b333ff6ad7a06b157678c736d0a920"},{"page":"/pages/personal/cookie.js","md5":"f89a23af19a3f34a39173f55932337bb"},{"page":"/pages/personal/drafts.js","md5":"da2585982571ecc1f7f4d9570a72e4ee"},{"page":"/pages/personal/favorite/folder.js","md5":"8b18bdf3231c2055470ffcfdd5997e49"},{"page":"/pages/personal/favorite/list.js","md5":"1b19a4ad5b851297044d2d1c0096f39e"},{"page":"/pages/personal/history.js","md5":"9f6d12276faac71adba62568f6515d37"},{"page":"/pages/personal/index.js","md5":"6c89cfb87d7fe0fd0f0fab880203c54f"},{"page":"/pages/personal/setting.js","md5":"eb7ee3bef0e4c7779ff947b4c569e05f"},{"page":"/iconfont/font_1469606063_76593.ttf","md5":"f6222bcfedff4a817bb50df7a049d1db"},{"page":"/iconfont/font_1469606522_9417143.woff","md5":"6cf5490fd14ff83350ff952bb5b8e484"},{"page":"/iconfont/font_adao_1.woff","md5":"a28c64f2993a34b61c26e096b3b562b2"},{"page":"/iconfont/font_zn5b3jswpofuhaor.ttf","md5":"c0356b22e8235d2b0be8880cc81894cc"},{"page":"/iconfont/iconfont-eros.ttf","md5":"68780fad0047dc5b02cb613ebb08cda1"},{"page":"/iconfont/iconfont.ttf","md5":"ec86bfe5bdb872bad2b2af4f11da14f4"},{"page":"/assets/CMBSecurityPlugin.dmg","md5":"2d16e6e436e96473924ee2eeb2576445"},{"page":"/assets/about@2x.png","md5":"80c1ca89e50f7ff87866893a02fbd15f"},{"page":"/assets/check@2x.png","md5":"cbac805873f759f6817219d57f8b7cfa"},{"page":"/assets/cookie@2x.png","md5":"43b50eaccf182e940703fdda0474fac9"},{"page":"/assets/demo.jpg","md5":"332c4e7d5398207c1b49750369a72848"},{"page":"/assets/drafts@2x.png","md5":"ac3a96aa96ce7bfd9f0472006d6f7c14"},{"page":"/assets/edit@2x.png","md5":"c93ce5d0f6f60ef71a73e4924114b352"},{"page":"/assets/ellipsis@2x.png","md5":"45eb204229a6dd3f582c70386b109d07"},{"page":"/assets/favorite@2x.png","md5":"8cac23bf421004996c9b59fb2725c2a8"},{"page":"/assets/history@2x.png","md5":"3b72257b8f10a3108533087faa898c7e"},{"page":"/assets/plus@2x.png","md5":"bf6a47b14b339ef521891f52c5a5e7ec"},{"page":"/assets/setting@2x.png","md5":"87bcf10f1293f201f36aeadf26776a4b"},{"page":"/assets/tabbar/forum-list-active@2x.png","md5":"a7c8eb183a33601765b0133406b09c65"},{"page":"/assets/tabbar/forum-list@2x.png","md5":"c2607184e241999da28a50ff06473602"},{"page":"/assets/tabbar/personal-active@2x.png","md5":"35f3d5cc9c4781390542f5adde620234"},{"page":"/assets/tabbar/personal@2x.png","md5":"fc99835fd3aeb67e278816dddfa9e42f"},{"page":"/assets/tabbar/timeline-active@2x.png","md5":"2b92074b0c00c60705c22b49a31f9602"},{"page":"/assets/tabbar/timeline@2x.png","md5":"28835886a6db3ee6784c3be453435ef3"}],"android":"1.0.0","iOS":"1.0.0","appName":"eros-adao","jsVersion":"18be928010666d94495c3f54ab389167","timestamp":1530247837255,"jsPath":"http://123.206.199.206:27011/static/"}
