{"filesMd5":[{"page":"/mediator/index.js","md5":"ea4a90318b830d3061402b7289542250"},{"page":"/config/index.js","md5":"ea363e486cc281950eb5ade061dfe650"},{"page":"/pages/forum/favorite.js","md5":"61cf1c5a718f92ed0b7a08c00b768906"},{"page":"/pages/forum/index.js","md5":"c3097b46793fcc13a8c089481c474562"},{"page":"/pages/forum/list.js","md5":"7bbbaa3c7d439de174e29fc4131d8319"},{"page":"/pages/forum/reply.js","md5":"e5fef93d90d11b11d9bdd8dfbd204a71"},{"page":"/pages/forum/thread.js","md5":"41154a36974ec98c2a0076dc70f1e46b"},{"page":"/pages/forum/timeline.js","md5":"888ed48349e200feea10f707e42fa639"},{"page":"/pages/personal/about/opensource.js","md5":"4947af568a7b24ebe656086aedcf98fe"},{"page":"/pages/personal/about/thank.js","md5":"67c0a473c8174a21f51341ba13b10530"},{"page":"/pages/personal/about.js","md5":"873272254b4eb8fb79cf9e100bf94005"},{"page":"/pages/personal/cookie.js","md5":"6c74cc590c20a6dba5b4633ebee7bfa9"},{"page":"/pages/personal/index.js","md5":"b4fd2469dcb80e4568f653005e6e50cd"},{"page":"/pages/personal/setting.js","md5":"fe15e0f00ccb5610e05bec323e6dded1"},{"page":"/iconfont/font_1469606063_76593.ttf","md5":"f6222bcfedff4a817bb50df7a049d1db"},{"page":"/iconfont/font_1469606522_9417143.woff","md5":"6cf5490fd14ff83350ff952bb5b8e484"},{"page":"/iconfont/font_adao_1.woff","md5":"a28c64f2993a34b61c26e096b3b562b2"},{"page":"/iconfont/font_zn5b3jswpofuhaor.ttf","md5":"c0356b22e8235d2b0be8880cc81894cc"},{"page":"/iconfont/iconfont-eros.ttf","md5":"68780fad0047dc5b02cb613ebb08cda1"},{"page":"/iconfont/iconfont.ttf","md5":"ec86bfe5bdb872bad2b2af4f11da14f4"},{"page":"/assets/CMBSecurityPlugin.dmg","md5":"2d16e6e436e96473924ee2eeb2576445"},{"page":"/assets/about@2x.png","md5":"80c1ca89e50f7ff87866893a02fbd15f"},{"page":"/assets/check@2x.png","md5":"cbac805873f759f6817219d57f8b7cfa"},{"page":"/assets/cookie@2x.png","md5":"9b93d265aca56d46dad1a0b29ebe4776"},{"page":"/assets/demo.jpg","md5":"332c4e7d5398207c1b49750369a72848"},{"page":"/assets/edit@2x.png","md5":"c93ce5d0f6f60ef71a73e4924114b352"},{"page":"/assets/ellipsis@2x.png","md5":"45eb204229a6dd3f582c70386b109d07"},{"page":"/assets/plus@2x.png","md5":"bf6a47b14b339ef521891f52c5a5e7ec"},{"page":"/assets/setting@2x.png","md5":"87bcf10f1293f201f36aeadf26776a4b"},{"page":"/assets/tabbar/forum-list-active@2x.png","md5":"28dff98dcb0be2b753bad0d5f8e5a029"},{"page":"/assets/tabbar/forum-list@2x.png","md5":"c2607184e241999da28a50ff06473602"},{"page":"/assets/tabbar/personal-active@2x.png","md5":"9152cd582a338e86bba234d8f3e92abe"},{"page":"/assets/tabbar/personal@2x.png","md5":"fc99835fd3aeb67e278816dddfa9e42f"},{"page":"/assets/tabbar/timeline-active@2x.png","md5":"18903c16e5e795f422342dc95f802e37"},{"page":"/assets/tabbar/timeline@2x.png","md5":"28835886a6db3ee6784c3be453435ef3"}],"android":"1.0.0","iOS":"1.0.0","appName":"eros-adao","jsVersion":"53a8ca06e516a04359ecfd3ef47e8c30","timestamp":1529981003956,"jsPath":"http://123.206.199.206:27011/static/"}
