{"filesMd5":[{"page":"/config/index.js","md5":"b19c429fc0f1c5ea1a81918de7e6ee04"},{"page":"/mediator/index.js","md5":"b9024b0a917bd96c82e33ee44aba0230"},{"page":"/pages/forum/favorite.js","md5":"492cb9ae45ffc21ca1786af950333329"},{"page":"/pages/forum/index.js","md5":"d296d8a02bb2576121872426b85fe0d2"},{"page":"/pages/forum/list.js","md5":"8ab7c81edc951788df484b76e94bbfcb"},{"page":"/pages/forum/reply.js","md5":"4b9e964366dee0bc6bed8f596b285805"},{"page":"/pages/forum/thread.js","md5":"d2c8df8a7fcade79e47e2bb75ff03317"},{"page":"/pages/personal/about.js","md5":"611609bc83e65968a3a2306c234aacd6"},{"page":"/pages/personal/cookie.js","md5":"794eccf40af33502debf4fbe7fd11104"},{"page":"/pages/personal/index.js","md5":"af1332ceb6d45b8429451506b564316a"},{"page":"/pages/personal/setting.js","md5":"addd50800eb941e6a24ba858f0092f55"},{"page":"/iconfont/font_1469606063_76593.ttf","md5":"f6222bcfedff4a817bb50df7a049d1db"},{"page":"/iconfont/font_1469606522_9417143.woff","md5":"6cf5490fd14ff83350ff952bb5b8e484"},{"page":"/iconfont/font_adao_1.woff","md5":"a28c64f2993a34b61c26e096b3b562b2"},{"page":"/iconfont/font_zn5b3jswpofuhaor.ttf","md5":"c0356b22e8235d2b0be8880cc81894cc"},{"page":"/iconfont/iconfont-eros.ttf","md5":"68780fad0047dc5b02cb613ebb08cda1"},{"page":"/iconfont/iconfont.ttf","md5":"ec86bfe5bdb872bad2b2af4f11da14f4"},{"page":"/assets/TabBar_Item1@2x.png","md5":"02c1875f727a1f4ec7a9e113498a96a5"},{"page":"/assets/TabBar_Item1_Selected@2x.png","md5":"d5e7609700d9a4f075e39b20fecbb9c3"},{"page":"/assets/TabBar_Item2@2x.png","md5":"a30651ed422c597849ce3d69b2f79048"},{"page":"/assets/TabBar_Item2_Selected@2x.png","md5":"fe893d14ff2d7b330a4aeefddbd8a7fa"},{"page":"/assets/TabBar_Item3@2x.png","md5":"fd2645e8081db44f2110661c2643f5cf"},{"page":"/assets/TabBar_Item3_Selected@2x.png","md5":"457d615a5c198b0148609f5eed84be70"},{"page":"/assets/about@2x.png","md5":"80c1ca89e50f7ff87866893a02fbd15f"},{"page":"/assets/check@2x.png","md5":"cbac805873f759f6817219d57f8b7cfa"},{"page":"/assets/cookie@2x.png","md5":"9b93d265aca56d46dad1a0b29ebe4776"},{"page":"/assets/demo.jpg","md5":"332c4e7d5398207c1b49750369a72848"},{"page":"/assets/edit@2x.png","md5":"c93ce5d0f6f60ef71a73e4924114b352"},{"page":"/assets/ellipsis@2x.png","md5":"45eb204229a6dd3f582c70386b109d07"},{"page":"/assets/plus@2x.png","md5":"bf6a47b14b339ef521891f52c5a5e7ec"},{"page":"/assets/setting@2x.png","md5":"87bcf10f1293f201f36aeadf26776a4b"},{"page":"/assets/tabbar/forum-active@2x.png","md5":"a6d1c29b0cdf1b79bc7a008d5a827a42"},{"page":"/assets/tabbar/forum-list-active@2x.png","md5":"fd9f597f114b9eb32793fccc17d213b4"},{"page":"/assets/tabbar/forum-list@2x.png","md5":"95c7f02ab7c53dadf50beaab261ca27a"},{"page":"/assets/tabbar/forum@2x.png","md5":"a72cb5c60bf197a90db87b40a606aa9e"},{"page":"/assets/tabbar/personal-active@2x.png","md5":"06d6e5de521e3e638880e25b5bb5cf04"},{"page":"/assets/tabbar/personal@2x.png","md5":"3159936a82af307c011191d305aab98c"}],"android":"1.0.0","iOS":"1.0.0","appName":"eros-adao","jsVersion":"fd1b116b6b16e909ff70bd35d65be2ec","timestamp":1529403893518,"jsPath":"https://app.weex-eros.com/source"}
